<?xml version='1.0' encoding='UTF-8'?>
<loadDocumentUnitOfWork xmlns:xsd='http://www.w3.org/2001/XMLSchema' xmlns:ns3='http://namespace.web.boeing.com/engineering/redars/schemas/RedarsLoadDescriptors' xmlns:ns2='http://schemas.xmlsoap.org/soap/encoding/' xmlns:ns1='http://namespace.web.boeing.com/engineering/redars/RedarsLoad' xmlns:xsi='http://www.w3.org/2001/XMLSchema-instance' xmlns:SOAP-ENV='http://schemas.xmlsoap.org/soap/envelope/'>
<SUPDocumentUnitDescriptor>
  <readyForRetrieval>true</readyForRetrieval>
  <forceObsolescence>false</forceObsolescence>
  <sensitivityLevel>BP</sensitivityLevel>
  <disclosureLevel>COM</disclosureLevel>
   <partType>A</partType>
   <exportControlType>XXXX</exportControlType>
   <ECCN>EAR01</ECCN>
  <reverseComponentOrder>false</reverseComponentOrder>
  <totalNumberOfComponents>1</totalNumberOfComponents>
  <dataAssemblyType>unknown</dataAssemblyType>
  <originatingSource>ENOVIA</originatingSource>
    <contentFileDescriptors>
      <documentUnitComponentDescriptors>
        <attachmentFlag>false</attachmentFlag>
        <sequenceNumber>1</sequenceNumber>
        <actualPageCount>0</actualPageCount>
        <rotation>0</rotation>
      </documentUnitComponentDescriptors>
      <virtualFile>
         <fileReference>1025-SUP-EX9_DWG_1_A_940_0.tif</fileReference>
      </virtualFile>
      <bestImage>true</bestImage>
    </contentFileDescriptors>
   <SUPUnitId>
   <unitType>DWG</unitType>
   <volumePartPage></volumePartPage>
   <revision>A</revision>
   <id>1</id>
 <SUPDocumentId>
   <baseDocumentNumber>1025-SUP-EX9</baseDocumentNumber>
<model></model>
<cageCode>62225</cageCode>
 </SUPDocumentId>
 </SUPUnitId>
 </SUPDocumentUnitDescriptor>
</loadDocumentUnitOfWork>
