<?xml version='1.0' encoding='UTF-8'?>
<loadDocumentUnitOfWork xmlns:xsd='http://www.w3.org/2001/XMLSchema' xmlns:ns3='http://namespace.web.boeing.com/engineering/redars/schemas/RedarsLoadDescriptors' xmlns:ns2='http://schemas.xmlsoap.org/soap/encoding/' xmlns:ns1='http://namespace.web.boeing.com/engineering/redars/RedarsLoad' xmlns:xsi='http://www.w3.org/2001/XMLSchema-instance' xmlns:SOAP-ENV='http://schemas.xmlsoap.org/soap/envelope/'>
<PSEDocumentUnitDescriptor>
  <readyForRetrieval>true</readyForRetrieval>
  <forceObsolescence>false</forceObsolescence>
  <sensitivityLevel>BP</sensitivityLevel>
  <disclosureLevel>COM</disclosureLevel>
  <exportControlType>EAR</exportControlType>
  <ECCN>EAR02</ECCN>
  <partType>A</partType>
  <reverseComponentOrder>false</reverseComponentOrder>
  <totalNumberOfComponents>1</totalNumberOfComponents>
  <dataAssemblyType>unknown</dataAssemblyType>
  <originatingSource>ENOVIA</originatingSource>
    <contentFileDescriptors>
      <documentUnitComponentDescriptors>
        <attachmentFlag>false</attachmentFlag>
        <sequenceNumber>1</sequenceNumber>
        <actualPageCount>0</actualPageCount>
        <rotation>0</rotation>
      </documentUnitComponentDescriptors>
      <virtualFile>
         <fileReference>1025-PSE-UH1_DWG_1_E_390_0.tif</fileReference>
      </virtualFile>
      <bestImage>true</bestImage>
    </contentFileDescriptors>
 <PSEUnitId>
   <unitType>DWG</unitType>
   <revision>E</revision>
   <id>1</id>
 <PSEDocumentId>
   <baseDocumentNumber>1025-PSE-UH1</baseDocumentNumber>
 </PSEDocumentId>
 </PSEUnitId>
 </PSEDocumentUnitDescriptor>
<PSEDocumentUnitDescriptor>
  <readyForRetrieval>true</readyForRetrieval>
  <forceObsolescence>false</forceObsolescence>
  <sensitivityLevel>BP</sensitivityLevel>
  <disclosureLevel>COM</disclosureLevel>
  <exportControlType>EAR</exportControlType>
  <ECCN>EAR02</ECCN>
  <partType>A</partType>
  <reverseComponentOrder>false</reverseComponentOrder>
  <totalNumberOfComponents>1</totalNumberOfComponents>
  <dataAssemblyType>unknown</dataAssemblyType>
  <originatingSource>ENOVIA</originatingSource>
    <contentFileDescriptors>
      <documentUnitComponentDescriptors>
        <attachmentFlag>false</attachmentFlag>
        <sequenceNumber>1</sequenceNumber>
        <actualPageCount>0</actualPageCount>
        <rotation>0</rotation>
      </documentUnitComponentDescriptors>
      <virtualFile>
         <fileReference>1025-PSE-UH1_DWG_2_E_400_0.tif</fileReference>
      </virtualFile>
      <bestImage>true</bestImage>
    </contentFileDescriptors>
 <PSEUnitId>
   <unitType>DWG</unitType>
   <revision>E</revision>
   <id>2</id>
 <PSEDocumentId>
   <baseDocumentNumber>1025-PSE-UH1</baseDocumentNumber>
 </PSEDocumentId>
 </PSEUnitId>
 </PSEDocumentUnitDescriptor>
<PSTDocumentUnitDescriptor>
  <readyForRetrieval>true</readyForRetrieval>
  <forceObsolescence>false</forceObsolescence>
  <sensitivityLevel>BP</sensitivityLevel>
  <disclosureLevel>COM</disclosureLevel>
  <exportControlType>EAR</exportControlType>
  <ECCN>EAR02</ECCN>
  <partType>A</partType>
  <reverseComponentOrder>false</reverseComponentOrder>
  <totalNumberOfComponents>1</totalNumberOfComponents>
  <dataAssemblyType>unknown</dataAssemblyType>
  <originatingSource>ENOVIA</originatingSource>
    <contentFileDescriptors>
      <documentUnitComponentDescriptors>
        <attachmentFlag>false</attachmentFlag>
        <sequenceNumber>1</sequenceNumber>
        <actualPageCount>0</actualPageCount>
        <rotation>0</rotation>
      </documentUnitComponentDescriptors>
      <virtualFile>
         <fileReference>1025-PST-UH1_DWG_1_E_410_0.tif</fileReference>
      </virtualFile>
      <bestImage>true</bestImage>
    </contentFileDescriptors>
 <PSTUnitId>
   <unitType>DWG</unitType>
   <revision>E</revision>
   <id>1</id>
 <PSTDocumentId>
   <baseDocumentNumber>1025-PST-UH1</baseDocumentNumber>
 </PSTDocumentId>
 </PSTUnitId>
 </PSTDocumentUnitDescriptor>
<PSTDocumentUnitDescriptor>
  <readyForRetrieval>true</readyForRetrieval>
  <forceObsolescence>false</forceObsolescence>
  <sensitivityLevel>BP</sensitivityLevel>
  <disclosureLevel>COM</disclosureLevel>
  <exportControlType>EAR</exportControlType>
  <ECCN>EAR02</ECCN>
  <partType>A</partType>
  <reverseComponentOrder>false</reverseComponentOrder>
  <totalNumberOfComponents>1</totalNumberOfComponents>
  <dataAssemblyType>unknown</dataAssemblyType>
  <originatingSource>ENOVIA</originatingSource>
    <contentFileDescriptors>
      <documentUnitComponentDescriptors>
        <attachmentFlag>false</attachmentFlag>
        <sequenceNumber>1</sequenceNumber>
        <actualPageCount>0</actualPageCount>
        <rotation>0</rotation>
      </documentUnitComponentDescriptors>
      <virtualFile>
         <fileReference>1025-PST-UH1_DWG_2_E_420_0.tif</fileReference>
      </virtualFile>
      <bestImage>true</bestImage>
    </contentFileDescriptors>
 <PSTUnitId>
   <unitType>DWG</unitType>
   <revision>E</revision>
   <id>2</id>
 <PSTDocumentId>
   <baseDocumentNumber>1025-PST-UH1</baseDocumentNumber>
 </PSTDocumentId>
 </PSTUnitId>
 </PSTDocumentUnitDescriptor>
<SUPDocumentUnitDescriptor>
  <readyForRetrieval>true</readyForRetrieval>
  <forceObsolescence>false</forceObsolescence>
  <sensitivityLevel>BP</sensitivityLevel>
  <disclosureLevel>COM</disclosureLevel>
  <exportControlType>EAR</exportControlType>
  <ECCN>EAR02</ECCN>
  <partType>A</partType>
  <reverseComponentOrder>false</reverseComponentOrder>
  <totalNumberOfComponents>1</totalNumberOfComponents>
  <dataAssemblyType>unknown</dataAssemblyType>
  <originatingSource>ENOVIA</originatingSource>
    <contentFileDescriptors>
      <documentUnitComponentDescriptors>
        <attachmentFlag>false</attachmentFlag>
        <sequenceNumber>1</sequenceNumber>
        <actualPageCount>0</actualPageCount>
        <rotation>0</rotation>
      </documentUnitComponentDescriptors>
      <virtualFile>
         <fileReference>1025-SUP-UH1_DWG_1_E_430_0.tif</fileReference>
      </virtualFile>
      <bestImage>true</bestImage>
    </contentFileDescriptors>
 <SUPUnitId>
   <unitType>DWG</unitType>
   <volumePartPage>01</volumePartPage>
   <revision>E</revision>
   <id>1</id>
 <SUPDocumentId>
   <baseDocumentNumber>1025-SUP-UH1</baseDocumentNumber>
<model>787</model>
<cageCode>62225</cageCode>
 </SUPDocumentId>
 </SUPUnitId>
 </SUPDocumentUnitDescriptor>
<SUPDocumentUnitDescriptor>
  <readyForRetrieval>true</readyForRetrieval>
  <forceObsolescence>false</forceObsolescence>
  <sensitivityLevel>BP</sensitivityLevel>
  <disclosureLevel>COM</disclosureLevel>
  <exportControlType>EAR</exportControlType>
  <ECCN>EAR02</ECCN>
  <partType>A</partType>
  <reverseComponentOrder>false</reverseComponentOrder>
  <totalNumberOfComponents>1</totalNumberOfComponents>
  <dataAssemblyType>unknown</dataAssemblyType>
  <originatingSource>ENOVIA</originatingSource>
    <contentFileDescriptors>
      <documentUnitComponentDescriptors>
        <attachmentFlag>false</attachmentFlag>
        <sequenceNumber>1</sequenceNumber>
        <actualPageCount>0</actualPageCount>
        <rotation>0</rotation>
      </documentUnitComponentDescriptors>
      <virtualFile>
         <fileReference>1025-SUP-UH1_DWG_2_E_440_0.tif</fileReference>
      </virtualFile>
      <bestImage>true</bestImage>
    </contentFileDescriptors>
 <SUPUnitId>
   <unitType>DWG</unitType>
   <volumePartPage>01</volumePartPage>
   <revision>E</revision>
   <id>2</id>
 <SUPDocumentId>
   <baseDocumentNumber>1025-SUP-UH1</baseDocumentNumber>
<model>787</model>
<cageCode>62225</cageCode>
 </SUPDocumentId>
 </SUPUnitId>
 </SUPDocumentUnitDescriptor>
</loadDocumentUnitOfWork>
