<?xml version="1.0" encoding="UTF-8"?>
<parameters xmlns="http://www.boeing.com/redars_mnt/batchreport" xmlns:xsi="http://www.w3.org/2001/XMLSchema-instance" xsi:schemaLocation="http://www.boeing.com/redars_mnt/batchreport defaultSettings.xsd">
<database>
<db_driver>com.ibm.db2.jcc.DB2Driver</db_driver>
<url>jdbc:db2://LEELA-2.LUXOFT.COM:60012/L_T_A</url>
<login>redars</login>
<authent_file>/home/redars/trungnguyen/BatchReports/v26.5/pass.txt</authent_file>
</database>
<entitlementReport>
<dataSource>DIOL</dataSource>
<reportOutputFolder>/home/redars/trungnguyen/BatchReports/v26.5/output</reportOutputFolder>
<debug>FALSE</debug>
</entitlementReport>
</parameters>
