<?xml version="1.0" encoding="UTF-8"?>
<parameters xmlns="http://www.boeing.com/redars_mnt/batchreport" xmlns:xsi="http://www.w3.org/2001/XMLSchema-instance" xsi:schemaLocation="http://www.boeing.com/redars_mnt/batchreport defaultSettings.xsd">
<database>
<db_driver>com.ibm.db2.jcc.DB2Driver</db_driver>
<url>jdbc:db2://NARCISSUS-2.LUXOFT.COM:60010/N_T_P</url>
<login>redars</login>
<authent_file>/home/redars/Trung_report/BatchReports/v25.1.0.01/pass.txt</authent_file>
</database>
<changeMetadataHistoryReport>
<reportFileName>/home/redars/Trung_report/BatchReports/v25.1.0.01/output</reportFileName>
<reportPeriodBegin>2013:01:01:00:00</reportPeriodBegin>
<reportPeriodFinish>2013:12:31:00:00</reportPeriodFinish>
</changeMetadataHistoryReport>
</parameters>

