<?xml version="1.0" encoding="UTF-8"?>

<parameters xmlns="http://www.boeing.com/redars_mnt/batchreport" xmlns:xsi="http://www.w3.org/2001/XMLSchema-instance" xsi:schemaLocation="http://www.boeing.com/redars_mnt/batchreport defaultSettings.xsd">

<database>

<db_driver>com.ibm.db2.jcc.DB2Driver</db_driver>

<url>jdbc:db2://BENDER-2.LUXOFT.COM:60008/B_T_P</url>

<login>redars</login>

<authent_file>/home/redars/Trung_report/BatchReports/v26.1/pass.txt</authent_file>

</database>

<exportMismatchReport>

<ReportFileName>/home/redars/Trung_report/BatchReports/v26.1/output/export_mismatch_rpt</ReportFileName>

<reportPeriodBegin>2014:09:01:00:00</reportPeriodBegin>

<reportPeriodFinish></reportPeriodFinish>

</exportMismatchReport>

</parameters>
