<?xml version='1.0' encoding='UTF-8'?>
<loadDocumentUnitOfWork xmlns:xsd='http://www.w3.org/2001/XMLSchema' xmlns:ns3='http://namespace.web.boeing.com/engineering/redars/schemas/RedarsLoadDescriptors' xmlns:ns2='http://schemas.xmlsoap.org/soap/encoding/' xmlns:ns1='http://namespace.web.boeing.com/engineering/redars/RedarsLoad' xmlns:xsi='http://www.w3.org/2001/XMLSchema-instance' xmlns:SOAP-ENV='http://schemas.xmlsoap.org/soap/envelope/'>
<PSEDocumentUnitDescriptor>
  <readyForRetrieval>true</readyForRetrieval>
  <forceObsolescence>false</forceObsolescence>
  <sensitivityLevel>BP</sensitivityLevel>
  <disclosureLevel>COM</disclosureLevel>
  <exportControlType>EAR</exportControlType>
  <ECCN>EAR06</ECCN>
  <partType>A</partType>
  <reverseComponentOrder>false</reverseComponentOrder>
  <totalNumberOfComponents>4</totalNumberOfComponents>
  <dataAssemblyType>unknown</dataAssemblyType>
  <originatingSource>ENOVIA</originatingSource>
    <contentFileDescriptors>
      <documentUnitComponentDescriptors>
        <attachmentFlag>false</attachmentFlag>
        <sequenceNumber>4</sequenceNumber>
        <actualPageCount>0</actualPageCount>
        <rotation>0</rotation>
      </documentUnitComponentDescriptors>
      <virtualFile>
         <fileReference>A1025-PSE1_DWG_1_A_170_0.tif</fileReference>
      </virtualFile>
      <bestImage>true</bestImage>
    </contentFileDescriptors>
 <PSEUnitId>
   <unitType>DWG</unitType>
   <revision>A</revision>
   <id>1</id>
 <PSEDocumentId>
   <baseDocumentNumber>A1025-PSE1  </baseDocumentNumber>
 </PSEDocumentId>
 </PSEUnitId>
 </PSEDocumentUnitDescriptor>
<PSEDocumentUnitDescriptor>
  <readyForRetrieval>true</readyForRetrieval>
  <forceObsolescence>false</forceObsolescence>
  <sensitivityLevel>BP</sensitivityLevel>
  <disclosureLevel>COM</disclosureLevel>
  <exportControlType>EAR</exportControlType>
  <ECCN>EAR06</ECCN>
  <partType>D</partType>
  <reverseComponentOrder>false</reverseComponentOrder>
  <totalNumberOfComponents>5</totalNumberOfComponents>
  <dataAssemblyType>unknown</dataAssemblyType>
  <originatingSource>ENOVIA</originatingSource>
    <contentFileDescriptors>
      <documentUnitComponentDescriptors>
        <attachmentFlag>false</attachmentFlag>
        <sequenceNumber>5</sequenceNumber>
        <actualPageCount>0</actualPageCount>
        <rotation>0</rotation>
      </documentUnitComponentDescriptors>
      <virtualFile>
         <fileReference>1025-PSE5 MEG_DWG_1_A_180_0.tif</fileReference>
      </virtualFile>
      <bestImage>true</bestImage>
    </contentFileDescriptors>
 <PSEUnitId>
   <unitType>DWG</unitType>
   <revision>A</revision>
   <id>1</id>
 <PSEDocumentId>
   <baseDocumentNumber>1025-PSE5 MEG</baseDocumentNumber>
 </PSEDocumentId>
 </PSEUnitId>
 </PSEDocumentUnitDescriptor>
<PSEDocumentUnitDescriptor>
  <readyForRetrieval>true</readyForRetrieval>
  <forceObsolescence>false</forceObsolescence>
  <sensitivityLevel>BP</sensitivityLevel>
  <disclosureLevel>MIL</disclosureLevel>
  <exportControlType>EAR</exportControlType>
  <ECCN>EAR07</ECCN>
  <partType>D</partType>
  <reverseComponentOrder>false</reverseComponentOrder>
  <totalNumberOfComponents>5</totalNumberOfComponents>
  <dataAssemblyType>unknown</dataAssemblyType>
  <originatingSource>ENOVIA</originatingSource>
    <contentFileDescriptors>
      <documentUnitComponentDescriptors>
        <attachmentFlag>false</attachmentFlag>
        <sequenceNumber>5</sequenceNumber>
        <actualPageCount>0</actualPageCount>
        <rotation>0</rotation>
      </documentUnitComponentDescriptors>
      <virtualFile>
         <fileReference>1025-PSE6MEG_DWG_1_A_190_0.tif</fileReference>
      </virtualFile>
      <bestImage>true</bestImage>
    </contentFileDescriptors>
 <PSEUnitId>
   <unitType>DWG</unitType>
   <revision>A</revision>
   <id>1</id>
 <PSEDocumentId>
   <baseDocumentNumber>1025-PSE6MEG</baseDocumentNumber>
 </PSEDocumentId>
 </PSEUnitId>
 </PSEDocumentUnitDescriptor>
<PSTDocumentUnitDescriptor>
  <readyForRetrieval>true</readyForRetrieval>
  <forceObsolescence>false</forceObsolescence>
  <sensitivityLevel>BP</sensitivityLevel>
  <disclosureLevel>COM</disclosureLevel>
  <exportControlType>EAR</exportControlType>
  <ECCN>EAR06</ECCN>
  <partType>A</partType>
  <reverseComponentOrder>false</reverseComponentOrder>
  <totalNumberOfComponents>4</totalNumberOfComponents>
  <dataAssemblyType>unknown</dataAssemblyType>
  <originatingSource>ENOVIA</originatingSource>
    <contentFileDescriptors>
      <documentUnitComponentDescriptors>
        <attachmentFlag>false</attachmentFlag>
        <sequenceNumber>4</sequenceNumber>
        <actualPageCount>0</actualPageCount>
        <rotation>0</rotation>
      </documentUnitComponentDescriptors>
      <virtualFile>
         <fileReference>1025-PST1_DWG_2_A_200_0.tif</fileReference>
      </virtualFile>
      <bestImage>true</bestImage>
    </contentFileDescriptors>
 <PSTUnitId>
   <unitType>DWG</unitType>
   <revision>A</revision>
   <id>2</id>
 <PSTDocumentId>
   <baseDocumentNumber>1025-PST1  </baseDocumentNumber>
 </PSTDocumentId>
 </PSTUnitId>
 </PSTDocumentUnitDescriptor>
<PSTDocumentUnitDescriptor>
  <readyForRetrieval>true</readyForRetrieval>
  <forceObsolescence>false</forceObsolescence>
  <sensitivityLevel>BP</sensitivityLevel>
  <disclosureLevel>COM</disclosureLevel>
  <exportControlType>EAR</exportControlType>
  <ECCN>EAR06</ECCN>
  <partType>D</partType>
  <reverseComponentOrder>false</reverseComponentOrder>
  <totalNumberOfComponents>5</totalNumberOfComponents>
  <dataAssemblyType>unknown</dataAssemblyType>
  <originatingSource>ENOVIA</originatingSource>
    <contentFileDescriptors>
      <documentUnitComponentDescriptors>
        <attachmentFlag>false</attachmentFlag>
        <sequenceNumber>5</sequenceNumber>
        <actualPageCount>0</actualPageCount>
        <rotation>0</rotation>
      </documentUnitComponentDescriptors>
      <virtualFile>
         <fileReference>1025-PST5_DWG_2_A_210_0.tif</fileReference>
      </virtualFile>
      <bestImage>true</bestImage>
    </contentFileDescriptors>
 <PSTUnitId>
   <unitType>DWG</unitType>
   <revision>A</revision>
   <id>2</id>
 <PSTDocumentId>
   <baseDocumentNumber>1025-PST5</baseDocumentNumber>
 </PSTDocumentId>
 </PSTUnitId>
 </PSTDocumentUnitDescriptor>
<PSTDocumentUnitDescriptor>
  <readyForRetrieval>true</readyForRetrieval>
  <forceObsolescence>false</forceObsolescence>
  <sensitivityLevel>BP</sensitivityLevel>
  <disclosureLevel>MIL</disclosureLevel>
  <exportControlType>EAR</exportControlType>
  <ECCN>EAR07</ECCN>
  <partType>D</partType>
  <reverseComponentOrder>false</reverseComponentOrder>
  <totalNumberOfComponents>5</totalNumberOfComponents>
  <dataAssemblyType>unknown</dataAssemblyType>
  <originatingSource>ENOVIA</originatingSource>
    <contentFileDescriptors>
      <documentUnitComponentDescriptors>
        <attachmentFlag>false</attachmentFlag>
        <sequenceNumber>5</sequenceNumber>
        <actualPageCount>0</actualPageCount>
        <rotation>0</rotation>
      </documentUnitComponentDescriptors>
      <virtualFile>
         <fileReference>1025-PST6_DWG_2_A_220_0.tif</fileReference>
      </virtualFile>
      <bestImage>true</bestImage>
    </contentFileDescriptors>
 <PSTUnitId>
   <unitType>DWG</unitType>
   <revision>A</revision>
   <id>2</id>
 <PSTDocumentId>
   <baseDocumentNumber>1025-PST6</baseDocumentNumber>
 </PSTDocumentId>
 </PSTUnitId>
 </PSTDocumentUnitDescriptor>
<SUPDocumentUnitDescriptor>
  <readyForRetrieval>true</readyForRetrieval>
  <forceObsolescence>false</forceObsolescence>
  <sensitivityLevel>BP</sensitivityLevel>
  <disclosureLevel>COM</disclosureLevel>
  <exportControlType>EAR</exportControlType>
  <ECCN>EAR06</ECCN>
  <partType>A</partType>
  <reverseComponentOrder>false</reverseComponentOrder>
  <totalNumberOfComponents>4</totalNumberOfComponents>
  <dataAssemblyType>unknown</dataAssemblyType>
  <originatingSource>ENOVIA</originatingSource>
    <contentFileDescriptors>
      <documentUnitComponentDescriptors>
        <attachmentFlag>false</attachmentFlag>
        <sequenceNumber>4</sequenceNumber>
        <actualPageCount>0</actualPageCount>
        <rotation>0</rotation>
      </documentUnitComponentDescriptors>
      <virtualFile>
         <fileReference>1025-SUP1_DWG_3_A_230_0.tif</fileReference>
      </virtualFile>
      <bestImage>true</bestImage>
    </contentFileDescriptors>
 <SUPUnitId>
   <unitType>DWG</unitType>
   <volumePartPage>01</volumePartPage>
   <revision>A</revision>
   <id>3</id>
 <SUPDocumentId>
   <baseDocumentNumber>1025-SUP1</baseDocumentNumber>
<model>787</model>
<cageCode>62225</cageCode>
 </SUPDocumentId>
 </SUPUnitId>
 </SUPDocumentUnitDescriptor>
<SUPDocumentUnitDescriptor>
  <readyForRetrieval>true</readyForRetrieval>
  <forceObsolescence>false</forceObsolescence>
  <sensitivityLevel>BP</sensitivityLevel>
  <disclosureLevel>COM</disclosureLevel>
  <exportControlType>EAR</exportControlType>
  <ECCN>EAR06</ECCN>
  <partType>D</partType>
  <reverseComponentOrder>false</reverseComponentOrder>
  <totalNumberOfComponents>5</totalNumberOfComponents>
  <dataAssemblyType>unknown</dataAssemblyType>
  <originatingSource>ENOVIA</originatingSource>
    <contentFileDescriptors>
      <documentUnitComponentDescriptors>
        <attachmentFlag>false</attachmentFlag>
        <sequenceNumber>5</sequenceNumber>
        <actualPageCount>0</actualPageCount>
        <rotation>0</rotation>
      </documentUnitComponentDescriptors>
      <virtualFile>
         <fileReference>1025-SUP5_DWG_3_A_240_0.tif</fileReference>
      </virtualFile>
      <bestImage>true</bestImage>
    </contentFileDescriptors>
 <SUPUnitId>
   <unitType>DWG</unitType>
   <volumePartPage>01</volumePartPage>
   <revision>A</revision>
   <id>3</id>
 <SUPDocumentId>
   <baseDocumentNumber>1025-SUP5</baseDocumentNumber>
<model>787</model>
<cageCode>62225</cageCode>
 </SUPDocumentId>
 </SUPUnitId>
 </SUPDocumentUnitDescriptor>
<SUPDocumentUnitDescriptor>
  <readyForRetrieval>true</readyForRetrieval>
  <forceObsolescence>false</forceObsolescence>
  <sensitivityLevel>BP</sensitivityLevel>
  <disclosureLevel>MIL</disclosureLevel>
  <exportControlType>EAR</exportControlType>
  <ECCN>EAR07</ECCN>
  <partType>D</partType>
  <reverseComponentOrder>false</reverseComponentOrder>
  <totalNumberOfComponents>5</totalNumberOfComponents>
  <dataAssemblyType>unknown</dataAssemblyType>
  <originatingSource>ENOVIA</originatingSource>
    <contentFileDescriptors>
      <documentUnitComponentDescriptors>
        <attachmentFlag>false</attachmentFlag>
        <sequenceNumber>5</sequenceNumber>
        <actualPageCount>0</actualPageCount>
        <rotation>0</rotation>
      </documentUnitComponentDescriptors>
      <virtualFile>
         <fileReference>1025-SUP6_DWG_3_A_250_0.tif</fileReference>
      </virtualFile>
      <bestImage>true</bestImage>
    </contentFileDescriptors>
 <SUPUnitId>
   <unitType>DWG</unitType>
   <volumePartPage>01</volumePartPage>
   <revision>A</revision>
   <id>3</id>
 <SUPDocumentId>
   <baseDocumentNumber>1025-SUP6</baseDocumentNumber>
<model>787</model>
<cageCode>62225</cageCode>
 </SUPDocumentId>
 </SUPUnitId>
 </SUPDocumentUnitDescriptor>
</loadDocumentUnitOfWork>
