<?xml version='1.0' encoding='UTF-8' standalone='yes'?>
<loadCurrencyUnitOfWork xsi:noNamespaceSchemaLocation='supplierCurLoadDescriptor.xsd' xmlns:xsi='http://www.w3.org/2001/XMLSchema-instance'>
<SUPCurrencyUnitDescriptor>
  <documentCategory>SUP</documentCategory>
  <disclosureLevel>COM</disclosureLevel>
  <SUPUnitId>
   <unitType>DWG</unitType>
   <volumePartPage>01</volumePartPage>
   <id>3</id>
   <revision>A</revision>
  <SUPDocumentId>
   <baseDocumentNumber>1025-SUP1</baseDocumentNumber>
<cageCode>62225</cageCode>
  </SUPDocumentId>
  </SUPUnitId>
<current>TRUE</current>
</SUPCurrencyUnitDescriptor>
  <documentCategory>SUP</documentCategory>
  <disclosureLevel>COM</disclosureLevel>
  <SUPUnitId>
   <unitType>MDOC</unitType>
   <volumePartPage>01</volumePartPage>
   <id></id>
   <revision>A</revision>
  <SUPDocumentId>
   <baseDocumentNumber>1025-SUP2</baseDocumentNumber>
<cageCode>62225</cageCode>
  </SUPDocumentId>
  </SUPUnitId>
<current>TRUE</current>
</SUPCurrencyUnitDescriptor>
  <documentCategory>SUP</documentCategory>
  <disclosureLevel>COM</disclosureLevel>
  <SUPUnitId>
   <unitType>DWG</unitType>
   <volumePartPage>01</volumePartPage>
   <id>3</id>
   <revision>A</revision>
  <SUPDocumentId>
   <baseDocumentNumber>1025-SUP5</baseDocumentNumber>
<cageCode>62225</cageCode>
  </SUPDocumentId>
  </SUPUnitId>
<current>TRUE</current>
</SUPCurrencyUnitDescriptor>
</loadCurrencyUnitOfWork>
